{
  "id": "1588394",
  "name": "dd",
  "font_family": "iconfont",
  "css_prefix_text": "icon-",
  "description": "",
  "glyphs": [
    {
      "icon_id": "10436",
      "name": "F",
      "font_class": "F",
      "unicode": "e600",
      "unicode_decimal": 58880
    },
    {
      "icon_id": "1048884",
      "name": "向右",
      "font_class": "xiangyou-1",
      "unicode": "e625",
      "unicode_decimal": 58917
    },
    {
      "icon_id": "3763254",
      "name": "搜索",
      "font_class": "sousuo",
      "unicode": "e601",
      "unicode_decimal": 58881
    },
    {
      "icon_id": "4294066",
      "name": "钱",
      "font_class": "qian",
      "unicode": "e783",
      "unicode_decimal": 59267
    },
    {
      "icon_id": "5381992",
      "name": "购物车",
      "font_class": "gouwuche",
      "unicode": "e6f2",
      "unicode_decimal": 59122
    },
    {
      "icon_id": "5879222",
      "name": "团购",
      "font_class": "tuangou",
      "unicode": "e649",
      "unicode_decimal": 58953
    },
    {
      "icon_id": "7497015",
      "name": "限时秒杀",
      "font_class": "miaosha",
      "unicode": "e662",
      "unicode_decimal": 58978
    },
    {
      "icon_id": "7550216",
      "name": "向右",
      "font_class": "xiangyou-2",
      "unicode": "e68b",
      "unicode_decimal": 59019
    },
    {
      "icon_id": "8102696",
      "name": "卡片",
      "font_class": "test",
      "unicode": "e608",
      "unicode_decimal": 58888
    },
    {
      "icon_id": "10715429",
      "name": "钱",
      "font_class": "qian1",
      "unicode": "e634",
      "unicode_decimal": 58932
    }
  ]
}
